{
  "update": 100,
  "avg_critic_loss": 3.972067928314209,
  "episodes_collected": 93,
  "timestamp": "20260216_074155",
  "update_speed": 0.1508544637313635
}